index,stamp_ns
0,1671607362199814796
1,1671607362299905062
2,1671607362399994135
3,1671607362499836922
4,1671607362599928141
5,1671607362699897051
6,1671607362799986839
7,1671607362899820089
8,1671607363000028849
9,1671607363099889994
10,1671607363199972153
11,1671607363299809933
12,1671607363399903059
13,1671607363499984980
14,1671607363599813223
15,1671607363699910879
16,1671607363799996853
17,1671607363899831057
18,1671607364000045061
19,1671607364099894047
20,1671607364199993134
21,1671607364299832106
22,1671607364399941921
23,1671607364499782801
24,1671607364599997997
25,1671607364699823141
26,1671607364799908161
27,1671607364899878979
28,1671607365000075102
29,1671607365099926949
30,1671607365199882984
31,1671607365299968958
32,1671607365399818897
33,1671607365499913931
34,1671607365599883080
35,1671607365699968100
36,1671607365799815893
37,1671607365899909973
38,1671607366000000954
39,1671607366099967957
40,1671607366199820042
41,1671607366299896002
42,1671607366399983168
43,1671607366499830008
44,1671607366599923849
45,1671607366699888945
46,1671607366799981117
47,1671607366899802923
48,1671607367000123978
49,1671607367099977016
50,1671607367199803829
51,1671607367299890995
52,1671607367399973154
53,1671607367499814987
54,1671607367599904060
55,1671607367699994087
56,1671607367799823046
57,1671607367899913073
58,1671607368000120163
59,1671607368099972010
60,1671607368199802876
61,1671607368299890995
62,1671607368399974823
63,1671607368499820948
64,1671607368599898815
65,1671607368699990034
66,1671607368799834013
67,1671607368899907112
68,1671607369000110149
69,1671607369099962950
70,1671607369199809074
71,1671607369299891949
72,1671607369399994135
73,1671607369499837875
74,1671607369599925995
75,1671607369699887037
76,1671607369799968004
77,1671607369899814844
78,1671607370000011921
79,1671607370099997044
80,1671607370199855089
81,1671607370299933910
82,1671607370399898052
83,1671607370499983788
84,1671607370599822044
85,1671607370699907064
86,1671607370799877167
87,1671607370899960041
88,1671607371000037193
89,1671607371099908113
90,1671607371199875116
91,1671607371299960136
92,1671607371399797916
93,1671607371499886990
94,1671607371599990129
95,1671607371699826956
96,1671607371799913883
97,1671607371899888039
98,1671607372000093937
99,1671607372099961996
100,1671607372199812174
101,1671607372299899817
102,1671607372399987936
103,1671607372499824047
104,1671607372599901915
105,1671607372699877024
106,1671607372799973011
107,1671607372899820089
108,1671607373000030041
109,1671607373099888086
110,1671607373199985981
111,1671607373299813986
112,1671607373399909019
113,1671607373499882936
114,1671607373599966049
115,1671607373699802876
116,1671607373799887180
117,1671607373899976969
118,1671607374000049829
119,1671607374099908113
120,1671607374199995995
121,1671607374299835920
122,1671607374399924040
123,1671607374499877214
124,1671607374599967957
125,1671607374699809074
126,1671607374799897194
127,1671607374899980068
128,1671607375000061989
129,1671607375099917173
130,1671607375199890852
131,1671607375299984932
132,1671607375399821997
133,1671607375499916077
134,1671607375599887133
135,1671607375699968100
136,1671607375799831152
137,1671607375899918079
138,1671607376000005007
139,1671607376099982023
140,1671607376199802160
141,1671607376299884081
142,1671607376399972200
143,1671607376499813795
144,1671607376599898100
145,1671607376699982166
146,1671607376799823046
147,1671607376899914026
148,1671607377000118017
149,1671607377099971056
150,1671607377199816942
151,1671607377299909115
152,1671607377399988890
153,1671607377499833107
154,1671607377599917173
155,1671607377699875116
156,1671607377799962044
157,1671607377899811983
158,1671607378000003099
159,1671607378099973202
160,1671607378199800014
161,1671607378299881935
162,1671607378399972200
163,1671607378499808073
164,1671607378599895954
165,1671607378699979067
166,1671607378799823046
167,1671607378899908066
168,1671607379000118971
169,1671607379099983215
170,1671607379199823141
171,1671607379299911976
172,1671607379399884939
173,1671607379499952793
174,1671607379599794865
175,1671607379699885130
176,1671607379799984932
177,1671607379899813890
178,1671607380000024080
179,1671607380099876165
180,1671607380199959993
181,1671607380299791813
182,1671607380399889946
183,1671607380499983788
184,1671607380599827051
185,1671607380699913025
186,1671607380799876213
187,1671607380899969101
188,1671607381000041008
189,1671607381099894047
190,1671607381199962139
191,1671607381299795866
192,1671607381399893999
193,1671607381499994040
194,1671607381599829912
195,1671607381699914932
196,1671607381799881935
197,1671607381899976969
198,1671607382000036001
199,1671607382099879026
200,1671607382199973822
201,1671607382299824953
202,1671607382399918079
203,1671607382499875069
204,1671607382599967003
205,1671607382699810028
206,1671607382799909830
207,1671607382899990082
208,1671607383000056028
209,1671607383099922895
210,1671607383199895144
211,1671607383299982071
212,1671607383399821043
213,1671607383499917984
214,1671607383599895000
215,1671607383699976921
216,1671607383799803972
217,1671607383899893999
218,1671607384000087976
219,1671607384099946022
220,1671607384199896097
221,1671607384299978018
222,1671607384399833202
223,1671607384499927998
224,1671607384599884987
225,1671607384699968100
226,1671607384799814939
227,1671607384899914026
228,1671607385000122070
229,1671607385099977970
230,1671607385199813128
231,1671607385299897194
232,1671607385399994135
233,1671607385499850035
234,1671607385599947929
235,1671607385699784040
236,1671607385799989939
237,1671607385899832010
238,1671607386000035048
239,1671607386099895954
240,1671607386199990988
241,1671607386299824953
242,1671607386399918079
243,1671607386499881983
244,1671607386599994183
245,1671607386699845791
246,1671607386799937010
247,1671607386899776936
248,1671607387000101805
249,1671607387099951029
250,1671607387199802876
251,1671607387299894094
252,1671607387399988890
253,1671607387499834776
254,1671607387599922895
255,1671607387699882030
256,1671607387799983025
257,1671607387899831057
258,1671607388000038862
259,1671607388099890947
260,1671607388199982166
261,1671607388299823046
262,1671607388399908066
263,1671607388499881029
264,1671607388599973202
265,1671607388699805021
266,1671607388799896002
267,1671607388899981976
268,1671607389000056028
269,1671607389099919796
270,1671607389199996948
271,1671607389299844027
272,1671607389399941206
273,1671607389499897003
274,1671607389599985838
275,1671607389699826002
276,1671607389799932003
277,1671607389899898052
278,1671607390000101805
279,1671607390099961996
280,1671607390199795008
281,1671607390299882889
282,1671607390399963856
283,1671607390499802828
284,1671607390599880934
285,1671607390699969053
286,1671607390799813986
287,1671607390899897099
288,1671607391000108957
289,1671607391099960089
290,1671607391199795008
291,1671607391299992085
292,1671607391399832010
293,1671607391499912024
294,1671607391599995852
295,1671607391699852943
296,1671607391799951792
297,1671607391899785995
298,1671607392000121117
299,1671607392099977016
300,1671607392199796915
301,1671607392299877882
302,1671607392399986029
303,1671607392499822140
304,1671607392599915028
305,1671607392699876070
306,1671607392799971104
307,1671607392899824142
308,1671607393000027895
309,1671607393099887133
310,1671607393199984789
311,1671607393299809933
312,1671607393399899960
313,1671607393499875069
314,1671607393599980116
315,1671607393699819088
316,1671607393799904108
317,1671607393899876118
318,1671607394000084877
319,1671607394099946976
320,1671607394199781179
321,1671607394299995899
322,1671607394399845123
323,1671607394499922991
324,1671607394599884033
325,1671607394699984789
326,1671607394799818039
327,1671607394899914980
328,1671607395000123978
329,1671607395099975824
330,1671607395199807882
331,1671607395299892902
332,1671607395399980068
333,1671607395499825001
334,1671607395599917173
335,1671607395699888229
336,1671607395799968004
337,1671607395899802208
338,1671607396000006914
339,1671607396099995852
340,1671607396199831009
341,1671607396299929142
342,1671607396399887800
343,1671607396499983788
344,1671607396599822998
345,1671607396699909210
346,1671607396799880981
347,1671607396899971008
348,1671607397000049829
349,1671607397099898815
350,1671607397199980974
351,1671607397299813986
352,1671607397399913073
353,1671607397499882936
354,1671607397599966049
355,1671607397699820042
356,1671607397799916029
357,1671607397899883032
358,1671607398000087976
359,1671607398099936008
360,1671607398199781895
361,1671607398299875021
362,1671607398399976015
363,1671607398499788046
364,1671607398599997997
365,1671607398699827909
366,1671607398799908161
367,1671607398899991035
368,1671607399000066996
369,1671607399099915981
370,1671607399199875116
371,1671607399299968958
372,1671607399399818897
373,1671607399499896049
374,1671607399599990129
375,1671607399699820995
376,1671607399799916983
377,1671607399899875164
378,1671607400000094891
379,1671607400099930048
380,1671607400199892998
381,1671607400299982071
382,1671607400399816990
383,1671607400499909878
384,1671607400599995852
385,1671607400699845791
386,1671607400799934864
387,1671607400899896145
388,1671607401000093937
389,1671607401099936962
390,1671607401199877977
391,1671607401299968004
392,1671607401399806023
393,1671607401499903917
394,1671607401599881887
395,1671607401699975014
396,1671607401799813032
397,1671607401899904013
398,1671607402000112057
399,1671607402099963903
400,1671607402199805975
401,1671607402299905062
402,1671607402399877787
403,1671607402499955893
404,1671607402599783897
405,1671607402699997902
406,1671607402799825907
407,1671607402899915934
408,1671607403000122786
409,1671607403099984884
410,1671607403199819088
411,1671607403299902916
412,1671607403399877071
413,1671607403499962091
414,1671607403599807024
415,1671607403699902058
416,1671607403799984217
417,1671607403899814844
418,1671607404000026941
419,1671607404099877119
420,1671607404199954033
421,1671607404299798012
422,1671607404399889946
423,1671607404499978065
424,1671607404599831104
425,1671607404699930906
426,1671607404799891949
427,1671607404899986982
428,1671607405000086069
429,1671607405099936962
430,1671607405199898958
431,1671607405299998045
432,1671607405399842978
433,1671607405499933004
434,1671607405599898100
435,1671607405699987888
436,1671607405799805880
437,1671607405899893999
438,1671607406000077963
439,1671607406099943876
440,1671607406199798107
441,1671607406299892902
442,1671607406399986982
443,1671607406499822140
444,1671607406599926949
445,1671607406699779034
446,1671607406799877882
447,1671607406899969101
448,1671607407000042915
449,1671607407099908113
450,1671607407199983120
451,1671607407299819946
452,1671607407399918079
453,1671607407499888897
454,1671607407599972010
455,1671607407699810028
456,1671607407799898863
457,1671607407899996996
458,1671607408000086069
459,1671607408099943876
460,1671607408199882030
461,1671607408299978018
462,1671607408399817944
463,1671607408499902010
464,1671607408599992037
465,1671607408699830055
466,1671607408799916983
467,1671607408899893045
468,1671607409000080824
469,1671607409099925995
470,1671607409199781179
471,1671607409299877882
472,1671607409399969101
473,1671607409499816895
474,1671607409599918127
475,1671607409699875116
476,1671607409799963951
477,1671607409899807930
478,1671607409999893904
479,1671607410099886179
480,1671607410199975014
481,1671607410299816847
482,1671607410399896145
483,1671607410499990940
484,1671607410599823952
485,1671607410699919939
486,1671607410799880028
487,1671607410899970055
488,1671607411000042915
489,1671607411099895954
490,1671607411199994087
491,1671607411299831152
492,1671607411399936914
493,1671607411499787092
494,1671607411599879980
495,1671607411699973106
496,1671607411799798965
497,1671607411899898052
498,1671607412000114918
499,1671607412099943876
500,1671607412199778080
501,1671607412299986839
502,1671607412399820089
503,1671607412499899864
504,1671607412599981070
505,1671607412699827909
506,1671607412799922943
507,1671607412899996996
508,1671607412999845982
509,1671607413099947929
510,1671607413199795008
511,1671607413299884081
512,1671607413399972200
513,1671607413499802113
514,1671607413599887133
515,1671607413699982166
516,1671607413799819946
517,1671607413899896145
518,1671607414000092983
519,1671607414099942923
520,1671607414199796915
521,1671607414299880981
522,1671607414399970055
523,1671607414499809980
524,1671607414599900961
525,1671607414699993134
526,1671607414799831152
527,1671607414899920940
528,1671607415000005007
529,1671607415099978924
530,1671607415199820995
531,1671607415299896002
532,1671607415399976969
533,1671607415499825001
534,1671607415599901915
535,1671607415699879885
536,1671607415799950123
537,1671607415899790049
538,1671607416000118017
539,1671607416099967003
540,1671607416199813128
541,1671607416299892902
542,1671607416399988890
543,1671607416499845028
544,1671607416599936962
545,1671607416699889898
546,1671607416799983025
547,1671607416899816990
548,1671607417000025034
549,1671607417099883080
550,1671607417199966908
551,1671607417299802065
552,1671607417399889946
553,1671607417499993086
554,1671607417599831104
555,1671607417699909210
556,1671607417799878836
557,1671607417899971008
558,1671607418000072002
559,1671607418099919796
560,1671607418199877024
561,1671607418299973965
562,1671607418399831057
563,1671607418499920845
564,1671607418599891901
565,1671607418699982166
566,1671607418799816847
567,1671607418899935007
568,1671607419000006914
569,1671607419099995852
570,1671607419199836969
571,1671607419299911022
572,1671607419399878979
573,1671607419499959946
574,1671607419599802017
575,1671607419699892044
576,1671607419799986839
577,1671607419899834156
578,1671607420000037193
579,1671607420099901915
580,1671607420199994087
581,1671607420299845934
582,1671607420399935007
583,1671607420499775887
584,1671607420599994183
585,1671607420699843168
586,1671607420799923897
587,1671607420899888992
588,1671607421000091791
589,1671607421099951029
590,1671607421199790001
591,1671607421299881935
592,1671607421399972200
593,1671607421499805927
594,1671607421599887848
595,1671607421699965954
596,1671607421799800158
597,1671607421899888992
598,1671607422000104904
599,1671607422099936008
600,1671607422199774981
601,1671607422299995899
602,1671607422399820089
603,1671607422499899864
604,1671607422599980116
605,1671607422699815989
606,1671607422799902916
607,1671607422899877787
608,1671607422999963999
609,1671607423099939108
610,1671607423199781895
611,1671607423299988031
612,1671607423399845839
613,1671607423499930859
614,1671607423599891901
615,1671607423699986935
616,1671607423799818993
617,1671607423899911880
618,1671607424000113964
619,1671607424099971056
620,1671607424199819088
621,1671607424299913883
622,1671607424399998903
623,1671607424499853134
624,1671607424599939108
625,1671607424699779987
626,1671607424799880028
627,1671607424899972200
628,1671607425000054121
629,1671607425099909067
630,1671607425199993134
631,1671607425299825907
632,1671607425399919033
633,1671607425499888897
634,1671607425599984884
635,1671607425699824810
636,1671607425799909115
637,1671607425899986982
638,1671607426000069141
639,1671607426099917173
640,1671607426199883938
641,1671607426299994946
642,1671607426399825811
643,1671607426499917984
644,1671607426599895954
645,1671607426699985981
646,1671607426799832106
647,1671607426899924040
648,1671607427000010014
649,1671607427099992037
650,1671607427199838877
651,1671607427299922943
652,1671607427399877071
653,1671607427499952078
654,1671607427599776030
655,1671607427699990034
656,1671607427799823761
657,1671607427899914980
658,1671607428000122786
659,1671607428099968910
660,1671607428199819088
661,1671607428299918175
662,1671607428399887800
663,1671607428499978065
664,1671607428599820137
665,1671607428699904919
666,1671607428799994946
667,1671607428899831057
668,1671607429000054121
669,1671607429099897146
670,1671607429199997902
671,1671607429299849987
672,1671607429399935961
673,1671607429499885082
674,1671607429599984884
675,1671607429699817896
676,1671607429799909115
677,1671607429899875164
678,1671607430000077009
679,1671607430099928141
680,1671607430199885130
681,1671607430299986839
682,1671607430399834871
683,1671607430499922991
684,1671607430599884987
685,1671607430699980021
686,1671607430799795866
687,1671607430899880886
688,1671607431000094891
689,1671607431099959135
690,1671607431199803829
691,1671607431299889803
692,1671607431399973869
693,1671607431499808073
694,1671607431599884033
695,1671607431699980021
696,1671607431799821138
697,1671607431899904966
698,1671607432000101089
699,1671607432099956036
700,1671607432199807882
701,1671607432299884081
702,1671607432399969101
703,1671607432499804020
704,1671607432599900007
705,1671607432699989080
706,1671607432799809933
707,1671607432899894953
708,1671607433000113010
709,1671607433099971056
710,1671607433199822187
711,1671607433299911976
712,1671607433399893045
713,1671607433499973774
714,1671607433599817038
715,1671607433699904919
716,1671607433799998045
717,1671607433899847984
718,1671607434000036001
719,1671607434099907160
720,1671607434199994802
721,1671607434299844027
722,1671607434399935007
723,1671607434499898195
724,1671607434599975824
725,1671607434699824095
726,1671607434799916029
727,1671607434899994850
728,1671607435000073910
729,1671607435099926949
730,1671607435199887991
731,1671607435299984932
732,1671607435399817944
733,1671607435499912977
734,1671607435599879026
735,1671607435699969053
736,1671607435799801111
737,1671607435899904966
738,1671607436000112057
739,1671607436099972010
740,1671607436199802160
741,1671607436299897194
742,1671607436399973869
743,1671607436499792814
744,1671607436599879026
745,1671607436699962139
746,1671607436799811125
747,1671607436899884939
748,1671607437000100136
749,1671607437099941015
750,1671607437199775934
751,1671607437299992085
752,1671607437399821997
753,1671607437499909163
754,1671607437599992990
755,1671607437699826956
756,1671607437799906015
757,1671607437899878979
758,1671607437999971151
759,1671607438099957943
760,1671607438199802876
761,1671607438299885035
762,1671607438399966002
763,1671607438499797106
764,1671607438599879980
765,1671607438699963808
766,1671607438799815893
767,1671607438899894953
768,1671607439000108004
769,1671607439099960089
770,1671607439199798107
771,1671607439299887180
772,1671607439399966955
773,1671607439499818087
774,1671607439599920988
775,1671607439699895144
776,1671607439799982071
777,1671607439899824858
778,1671607440000026226
779,1671607440099884033
780,1671607440199970961
781,1671607440299815893
782,1671607440399913073
783,1671607440499881983
784,1671607440599967003
785,1671607440699796915
786,1671607440799880028
787,1671607440899973154
788,1671607441000048161
789,1671607441099891901
790,1671607441199968100
791,1671607441299813986
792,1671607441399901867
793,1671607441499999046
794,1671607441599835873
795,1671607441699937105
796,1671607441799894094
797,1671607441899969101
798,1671607442000048876
799,1671607442099908113
800,1671607442199994802
801,1671607442299838066
802,1671607442399939060
803,1671607442499787092
804,1671607442599994898
805,1671607442699836016
806,1671607442799926996
807,1671607442899893999
808,1671607443000089169
809,1671607443099945068
810,1671607443199781895
811,1671607443299994946
812,1671607443399849892
813,1671607443499930143
814,1671607443599879026
815,1671607443699959040
816,1671607443799814939
817,1671607443899893999
818,1671607444000100136
819,1671607444099952221
820,1671607444199800014
821,1671607444299888849
822,1671607444399970055
823,1671607444499812126
824,1671607444599909067
825,1671607444699985981
826,1671607444799832106
827,1671607444899927139
828,1671607445000010014
829,1671607445099990129
830,1671607445199805975
831,1671607445299880028
832,1671607445399963856
833,1671607445499794006
834,1671607445599988937
835,1671607445699826956
836,1671607445799912930
837,1671607445899880886
838,1671607446000086069
839,1671607446099945068
840,1671607446199785948
841,1671607446299994946
842,1671607446399837971
843,1671607446499920845
844,1671607446599889994
845,1671607446699977875
846,1671607446799813032
847,1671607446899899960
848,1671607447000113964
849,1671607447099950075
850,1671607447199779034
851,1671607447299993038
852,1671607447399849892
853,1671607447499924898
854,1671607447599886179
855,1671607447699983835
856,1671607447799818039
857,1671607447899914026
858,1671607448000108957
859,1671607448099970102
860,1671607448199817896
861,1671607448299908161
862,1671607448399884939
863,1671607448499969006
864,1671607448599815845
865,1671607448699898958
866,1671607448799998999
867,1671607448899837971
868,1671607449000048161
869,1671607449099907160
870,1671607449199876070
871,1671607449299957037
872,1671607449399793863
873,1671607449499881983
874,1671607449599973202
875,1671607449699809074
876,1671607449799905062
877,1671607449899977922
878,1671607450000066042
879,1671607450099914074
880,1671607450199892044
881,1671607450299977064
882,1671607450399806023
883,1671607450499999046
884,1671607450599850893
885,1671607450699944973
886,1671607450799777031
887,1671607450899963856
888,1671607451000041962
889,1671607451099898100
890,1671607451199999094
891,1671607451299849033
892,1671607451399928093
893,1671607451499893904
894,1671607451599988937
895,1671607451699813128
896,1671607451799919128
897,1671607451899996996
898,1671607452000068188
899,1671607452099938154
900,1671607452199898005
901,1671607452299981117
902,1671607452399823904
903,1671607452499912024
904,1671607452599997044
905,1671607452699843168
906,1671607452799927950
907,1671607452899893999
908,1671607453000122070
909,1671607453099987984
910,1671607453199826956
911,1671607453299911022
912,1671607453399886131
913,1671607453499992132
914,1671607453599843025
915,1671607453699937105
916,1671607453799781084
917,1671607453899996996
918,1671607454000069857
919,1671607454099920988
920,1671607454199889898
921,1671607454299973965
922,1671607454399823904
923,1671607454499909163
924,1671607454599883080
925,1671607454699965954
926,1671607454799808979
927,1671607454899900913
928,1671607455000104904
929,1671607455099959135
930,1671607455199790001
931,1671607455299877882
932,1671607455399974823
933,1671607455499819040
934,1671607455599905014
935,1671607455699994802
936,1671607455799852133
937,1671607455899938107
938,1671607456000014067
939,1671607456099862099
940,1671607456199952841
941,1671607456299790144
942,1671607456399879932
943,1671607456499978065
944,1671607456599828959
945,1671607456699930191
946,1671607456799894094
947,1671607456899981976
948,1671607456999825954
949,1671607457099938154
950,1671607457199777126
951,1671607457299878836
952,1671607457399979115
953,1671607457499819994
954,1671607457599909782
955,1671607457699876070
956,1671607457799965858
957,1671607457899816990
958,1671607458000030994
959,1671607458099895954
960,1671607458199989080
961,1671607458299804926
962,1671607458399877071
963,1671607458499973059
964,1671607458599823952
965,1671607458699909210
966,1671607458799995899
967,1671607458899834871
968,1671607459000047207
969,1671607459099908113
970,1671607459199876070
971,1671607459299957991
972,1671607459399820089
973,1671607459499898911
974,1671607459599975824
975,1671607459699801207
976,1671607459799905062
977,1671607459899998903
978,1671607460000104904
979,1671607460099962950
980,1671607460199798107
981,1671607460299877882
982,1671607460399970055
983,1671607460499811172
984,1671607460599902868
985,1671607460699989080
986,1671607460799844027
987,1671607460899943829
988,1671607461000026941
989,1671607461099891901
990,1671607461199995995
991,1671607461299836874
992,1671607461399924994
993,1671607461499876022
994,1671607461599968910
995,1671607461699809074
996,1671607461799890995
997,1671607461899981976
998,1671607462000048161
999,1671607462099895954
1000,1671607462199983120
1001,1671607462299819946
1002,1671607462399919033
1003,1671607462499898195
1004,1671607462599988937
1005,1671607462699826002
1006,1671607462799921989
1007,1671607462899891853
1008,1671607463000099182
1009,1671607463099940062
1010,1671607463199782848
1011,1671607463299882889
1012,1671607463399980068
1013,1671607463499809027
1014,1671607463599897146
1015,1671607463699989080
1016,1671607463799808979
1017,1671607463899903059
1018,1671607464000113964
1019,1671607464099959135
1020,1671607464199799061
1021,1671607464299876213
1022,1671607464399963856
1023,1671607464499804974
1024,1671607464599884987
1025,1671607464699968100
1026,1671607464799812078
1027,1671607464899898052
1028,1671607465000107050
1029,1671607465099987984
1030,1671607465199824810
1031,1671607465299915075
1032,1671607465399887085
1033,1671607465499972105
1034,1671607465599803925
1035,1671607465699882030
1036,1671607465799968958
1037,1671607465899811983
1038,1671607466000041008
1039,1671607466099900961
1040,1671607466199877024
1041,1671607466299971104
1042,1671607466399796963
1043,1671607466499886990
1044,1671607466599977970
1045,1671607466699803829
1046,1671607466799894094
1047,1671607466899959087
1048,1671607467000036001
1049,1671607467099895000
1050,1671607467199995995
1051,1671607467299836874
1052,1671607467399920225
1053,1671607467499881983
1054,1671607467599961996
1055,1671607467699812174
1056,1671607467799902916
1057,1671607467899981976
1058,1671607468000062943
1059,1671607468099918127
1060,1671607468199996948
1061,1671607468299838066
1062,1671607468399918079
1063,1671607468499992132
1064,1671607468599821091
1065,1671607468699923992
1066,1671607468799894094
1067,1671607468899972200
1068,1671607468999811172
1069,1671607469099926949
1070,1671607469199893951
1071,1671607469299982071
1072,1671607469399823189
1073,1671607469499917984
1074,1671607469599886179
1075,1671607469699966908
1076,1671607469799808979
1077,1671607469899901867
1078,1671607469999984980
1079,1671607470099964857
1080,1671607470199792862
1081,1671607470299878836
1082,1671607470399959087
1083,1671607470499798059
1084,1671607470599905014
1085,1671607470699875116
1086,1671607470799944878
1087,1671607470899778128
1088,1671607471000113010
1089,1671607471099956989
1090,1671607471199801207
1091,1671607471299891949
1092,1671607471399974823
1093,1671607471499811172
1094,1671607471599900961
1095,1671607471700000048
1096,1671607471799825907
1097,1671607471899915934
1098,1671607472000006914
1099,1671607472099992037
1100,1671607472199822187
1101,1671607472299911976
1102,1671607472399878979
1103,1671607472499962091
1104,1671607472599781990
1105,1671607472699990034
1106,1671607472799823761
1107,1671607472899921894
1108,1671607473000020027
1109,1671607473099992037
1110,1671607473199836016
1111,1671607473299937963
1112,1671607473399799109
1113,1671607473499898911
1114,1671607473599998951
1115,1671607473699836969
1116,1671607473799920797
1117,1671607473899897099
1118,1671607474000106096
1119,1671607474099943876
1120,1671607474199791193
1121,1671607474299877882
1122,1671607474399973869
1123,1671607474499814987
1124,1671607474599923849
1125,1671607474699892044
1126,1671607474799986839
1127,1671607474899827003
1128,1671607475000033140
1129,1671607475099900961
1130,1671607475199990034
1131,1671607475299823046
1132,1671607475399907112
1133,1671607475499978065
1134,1671607475599823952
1135,1671607475699916124
1136,1671607475799884081
1137,1671607475899983883
1138,1671607476000069857
1139,1671607476099918127
1140,1671607476199887991
1141,1671607476299968958
1142,1671607476399807930
1143,1671607476499891996
1144,1671607476599987984
1145,1671607476699824095
1146,1671607476799921989
1147,1671607476899891853
1148,1671607477000097036
1149,1671607477099946022
1150,1671607477199795008
1151,1671607477299878836
1152,1671607477399980068
1153,1671607477499834776
1154,1671607477599941015
1155,1671607477699791908
1156,1671607477799880028
1157,1671607477899973154
1158,1671607478000048161
1159,1671607478099891901
1160,1671607478199992180
1161,1671607478299835920
1162,1671607478399920225
1163,1671607478499881029
1164,1671607478599959135
1165,1671607478699805021
1166,1671607478799901009
1167,1671607478899994850
1168,1671607479000073910
1169,1671607479099925041
1170,1671607479199882030
1171,1671607479299967051
1172,1671607479399796963
1173,1671607479499886990
1174,1671607479599973202
1175,1671607479699805021
1176,1671607479799899817
1177,1671607479899979115
1178,1671607480000055075
1179,1671607480099901915
1180,1671607480199990988
1181,1671607480299843073
1182,1671607480399922848
1183,1671607480499891996
1184,1671607480599977016
1185,1671607480699805021
1186,1671607480799875021
1187,1671607480899973869
1188,1671607481000066042
1189,1671607481099928141
1190,1671607481199881077
1191,1671607481299968958
1192,1671607481399817944
1193,1671607481499897003
1194,1671607481599994898
1195,1671607481699837923
1196,1671607481799925089
1197,1671607481899891853
1198,1671607482000107050
1199,1671607482099954844
1200,1671607482199784994
1201,1671607482299888849
1202,1671607482399993181
1203,1671607482499830008
1204,1671607482599929094
1205,1671607482699779987
1206,1671607482799975872
1207,1671607482899820089
1208,1671607483000026226
1209,1671607483099877119
1210,1671607483199962854
1211,1671607483299804926
1212,1671607483399899960
1213,1671607483499983788
1214,1671607483599829912
1215,1671607483699935913
1216,1671607483799776077
1217,1671607483899981022
1218,1671607484000075102
1219,1671607484099941969
1220,1671607484199785948
1221,1671607484299877167
1222,1671607484399958134
1223,1671607484499784946
1224,1671607484599987030
1225,1671607484699829102
1226,1671607484799918175
1227,1671607484899889946
1228,1671607485000097990
1229,1671607485099943876
1230,1671607485199790001
1231,1671607485299882889
1232,1671607485399976015
1233,1671607485499814987
1234,1671607485599910975
1235,1671607485699879885
1236,1671607485799952984
1237,1671607485899789095
1238,1671607486000003099
1239,1671607486099970102
1240,1671607486199800014
1241,1671607486299904108
1242,1671607486399973869
1243,1671607486499823093
1244,1671607486599920988
1245,1671607486699999094
1246,1671607486799834013
1247,1671607486899936914
1248,1671607487000020981
1249,1671607487099891901
1250,1671607487199972153
1251,1671607487299818993
1252,1671607487399904966
1253,1671607487499881029
1254,1671607487599967003
1255,1671607487699796915
1256,1671607487799887896
1257,1671607487899983883
1258,1671607488000055075
1259,1671607488099911928
1260,1671607488199887991
1261,1671607488299974918
1262,1671607488399817944
1263,1671607488499926090
1264,1671607488599898100
1265,1671607488699975014
1266,1671607488799816847
1267,1671607488899914980
1268,1671607489000118017
1269,1671607489099968910
1270,1671607489199800014
1271,1671607489299888849
1272,1671607489399981022
1273,1671607489499826908
1274,1671607489599917173
1275,1671607489699888229
1276,1671607489799981117
1277,1671607489899823189
1278,1671607490000025034
1279,1671607490099888802
1280,1671607490199973822
1281,1671607490299812078
1282,1671607490399906158
1283,1671607490499878883
1284,1671607490599961042
1285,1671607490699800014
1286,1671607490799905062
1287,1671607490899996996
1288,1671607491000072956
1289,1671607491099936962
1290,1671607491199887991
1291,1671607491299984932
1292,1671607491399821043
1293,1671607491499908209
1294,1671607491599991083
1295,1671607491699837923
1296,1671607491799919128
1297,1671607491899997950
1298,1671607492000080824
1299,1671607492099941969
1300,1671607492199892044
1301,1671607492299968004
1302,1671607492399795055
1303,1671607492499889851
1304,1671607492599974871
1305,1671607492699798107
1306,1671607492799887180
1307,1671607492899973154
1308,1671607493000046015
1309,1671607493099889994
1310,1671607493199965000
1311,1671607493299794912
1312,1671607493399887800
1313,1671607493499983072
1314,1671607493599810123
1315,1671607493699896097
1316,1671607493799979925
1317,1671607493899813175
1318,1671607494000023127
1319,1671607494099876165
1320,1671607494199945927
1321,1671607494299797058
1322,1671607494399877787
1323,1671607494499955893
1324,1671607494599789143
1325,1671607494699879885
1326,1671607494799977064
1327,1671607494899821043
1328,1671607495000037193
1329,1671607495099884033
1330,1671607495199973106
1331,1671607495299804926
1332,1671607495399904966
1333,1671607495499979019
1334,1671607495599829912
1335,1671607495699919939
1336,1671607495799891949
1337,1671607495899980068
1338,1671607496000055075
1339,1671607496099919081
1340,1671607496199993134
1341,1671607496299826860
1342,1671607496399914980
1343,1671607496499895096
1344,1671607496599977016
1345,1671607496699826002
1346,1671607496799920797
1347,1671607496899886131
1348,1671607497000097990
1349,1671607497099938154
1350,1671607497199777126
1351,1671607497299981117
1352,1671607497399823189
1353,1671607497499919176
1354,1671607497599994898
1355,1671607497699845791
1356,1671607497799937010
1357,1671607497899775982
1358,1671607498000097990
1359,1671607498099945068
1360,1671607498199785948
1361,1671607498299983025
1362,1671607498399817944
1363,1671607498499891996
1364,1671607498599980116
1365,1671607498699810028
1366,1671607498799887180
1367,1671607498899966002
1368,1671607499000051975
1369,1671607499099907160
1370,1671607499199877024
1371,1671607499299968958
1372,1671607499399820089
1373,1671607499499906063
1374,1671607499599994898
1375,1671607499699840069
1376,1671607499799930811
1377,1671607499899891853
1378,1671607500000087023
1379,1671607500099949121
1380,1671607500199788094
1381,1671607500299995899
1382,1671607500399833202
1383,1671607500499923944
1384,1671607500599888802
1385,1671607500699989080
1386,1671607500799825907
1387,1671607500899910927
1388,1671607501000122070
1389,1671607501099973202
1390,1671607501199814796
1391,1671607501299916029
1392,1671607501399995804
1393,1671607501499834776
1394,1671607501599930763
1395,1671607501699886084
1396,1671607501799979925
1397,1671607501899832010
1398,1671607502000031948
1399,1671607502099895954
1400,1671607502199984074
1401,1671607502299822092
1402,1671607502399894953
1403,1671607502499983072
1404,1671607502599817038
1405,1671607502699893951
1406,1671607502799984932
1407,1671607502899824858
1408,1671607503000021935
1409,1671607503099889994
1410,1671607503199990034
1411,1671607503299826860
1412,1671607503399927139
1413,1671607503499995947
1414,1671607503599836826
1415,1671607503699923038
1416,1671607503799881935
1417,1671607503899956942
1418,1671607504000037193
1419,1671607504099897146
1420,1671607504199990988
1421,1671607504299856901
1422,1671607504399939060
1423,1671607504499898911
1424,1671607504599884987
1425,1671607504699980974
1426,1671607504799833059
1427,1671607504899920940
1428,1671607505000002146
1429,1671607505099981070
1430,1671607505199829102
1431,1671607505299936056
1432,1671607505399894953
1433,1671607505499965906
1434,1671607505599801064
1435,1671607505699888229
1436,1671607505799965858
1437,1671607505899796963
1438,1671607506000013113
1439,1671607506099995852
1440,1671607506199831963
1441,1671607506299932957
1442,1671607506399890900
1443,1671607506499989986
1444,1671607506599829912
1445,1671607506699923038
1446,1671607506799891949
1447,1671607506899972200
1448,1671607507000051022
1449,1671607507099898815
1450,1671607507199990988
1451,1671607507299836874
1452,1671607507399934053
1453,1671607507499889851
1454,1671607507599973917
1455,1671607507699807882
1456,1671607507799896002
1457,1671607507899974823
1458,1671607508000058174
1459,1671607508099907160
1460,1671607508199879885
1461,1671607508299968958
1462,1671607508399820089
1463,1671607508499919891
1464,1671607508599888802
1465,1671607508699976921
1466,1671607508799819946
1467,1671607508899909019
1468,1671607509000097990
1469,1671607509099970102
1470,1671607509199820042
1471,1671607509299911022
1472,1671607509399995804
1473,1671607509499833107
1474,1671607509599914074
1475,1671607509699882984
1476,1671607509799974918
1477,1671607509899810076
1478,1671607510000005007
1479,1671607510099994898
1480,1671607510199841976
1481,1671607510299932003
1482,1671607510399884939
1483,1671607510499986887
1484,1671607510599812031
1485,1671607510699903011
1486,1671607510799877882
1487,1671607510899962902
1488,1671607511000037909
1489,1671607511099891901
1490,1671607511199997902
1491,1671607511299829960
1492,1671607511399907112
1493,1671607511499889851
1494,1671607511599977970
1495,1671607511699805021
1496,1671607511799898148
1497,1671607511899877787
1498,1671607512000072002
1499,1671607512099925995
1500,1671607512199896097
1501,1671607512299982071
1502,1671607512399814844
1503,1671607512499922991
1504,1671607512599779129
1505,1671607512699993134
1506,1671607512799828053
1507,1671607512899908066
1508,1671607513000113010
1509,1671607513099961996
1510,1671607513199801207
1511,1671607513299890995
1512,1671607513399981976
1513,1671607513499820948
1514,1671607513599891901
1515,1671607513699876070
1516,1671607513799960136
1517,1671607513899795055
1518,1671607514000005007
1519,1671607514099845171
1520,1671607514199924946
1521,1671607514299897194
1522,1671607514399972200
1523,1671607514499809980
1524,1671607514599891901
1525,1671607514699979067
1526,1671607514799829006
1527,1671607514899920940
1528,1671607514999886990
1529,1671607515099883080
1530,1671607515199975967
1531,1671607515299818039
1532,1671607515399904966
1533,1671607515499882936
1534,1671607515599978924
1535,1671607515699820995
1536,1671607515799911022
1537,1671607515899883032
1538,1671607516000077963
1539,1671607516099919081
1540,1671607516199895144
1541,1671607516299994230
1542,1671607516399834871
1543,1671607516499929190
1544,1671607516599997044
1545,1671607516699826956
1546,1671607516799898863
1547,1671607516899981022
1548,1671607516999825001
1549,1671607517099941969
1550,1671607517199781895
1551,1671607517299993038
1552,1671607517399834871
1553,1671607517499923944
1554,1671607517599884987
1555,1671607517699970961
1556,1671607517799812078
1557,1671607517899919987
1558,1671607518000113964
1559,1671607518099967957
1560,1671607518199798107
1561,1671607518299888849
1562,1671607518399981022
1563,1671607518499811172
1564,1671607518599905968
1565,1671607518699990034
1566,1671607518799836874
1567,1671607518899945974
1568,1671607519000030994
1569,1671607519099889994
1570,1671607519199987888
1571,1671607519299825907
1572,1671607519399919033
1573,1671607519499884129
1574,1671607519599967957
1575,1671607519699800014
1576,1671607519799891949
1577,1671607519899986029
1578,1671607520000075102
1579,1671607520099920988
1580,1671607520199895144
1581,1671607520299983978
1582,1671607520399832010
1583,1671607520499912977
1584,1671607520599884033
1585,1671607520699973106
1586,1671607520799807072
1587,1671607520899909019
1588,1671607521000123978
1589,1671607521099968910
1590,1671607521199805021
1591,1671607521299895048
1592,1671607521399877787
1593,1671607521499953985
1594,1671607521599802017
1595,1671607521699890852
1596,1671607521799973965
1597,1671607521899817944
1598,1671607522000010967
1599,1671607522099988937
1600,1671607522199826956
1601,1671607522299899817
1602,1671607522399875164
1603,1671607522499975920
1604,1671607522599812031
1605,1671607522699898958
1606,1671607522799994946
1607,1671607522899837971
1608,1671607523000035048
1609,1671607523099869013
1610,1671607523199959040
1611,1671607523299793005
1612,1671607523399890900
1613,1671607523499983072
1614,1671607523599824905
1615,1671607523699913025
1616,1671607523799875021
1617,1671607523899973869
1618,1671607523999815941
1619,1671607524099928141
1620,1671607524199781895
1621,1671607524299985886
1622,1671607524399837017
1623,1671607524499943972
1624,1671607524599797964
1625,1671607524699895144
1626,1671607524799995899
1627,1671607524899840117
1628,1671607525000048876
1629,1671607525099905014
1630,1671607525199993134
1631,1671607525299821138
1632,1671607525399909973
1633,1671607525499996901
1634,1671607525599848986
1635,1671607525699951172
1636,1671607525799787045
1637,1671607525899997950
1638,1671607526000073910
1639,1671607526099930763
1640,1671607526199895144
1641,1671607526299973011
1642,1671607526399806976
1643,1671607526499891996
1644,1671607526599972010
1645,1671607526699810982
1646,1671607526799906015
1647,1671607526899987936
1648,1671607527000069857
1649,1671607527099926949
1650,1671607527199881077
1651,1671607527299961090
1652,1671607527399809122
1653,1671607527499885082
1654,1671607527599971056
1655,1671607527699802876
1656,1671607527799892902
1657,1671607527899990082
1658,1671607528000066996
1659,1671607528099921942
1660,1671607528199882030
1661,1671607528299975872
1662,1671607528399823189
1663,1671607528499913931
1664,1671607528599884987
1665,1671607528699962854
1666,1671607528799802065
1667,1671607528899889946
1668,1671607529000101805
1669,1671607529099959135
1670,1671607529199785948
1671,1671607529299995899
1672,1671607529399834871
1673,1671607529499917030
1674,1671607529599876165
1675,1671607529699958086
1676,1671607529799791098
1677,1671607529899891853
1678,1671607530000101805
1679,1671607530099921942
1680,1671607530199997902
1681,1671607530299846888
1682,1671607530399942875
1683,1671607530499774933
1684,1671607530599988937
1685,1671607530699820042
1686,1671607530799925089
1687,1671607530899882078
1688,1671607530999969959
1689,1671607531099956036
1690,1671607531199802876
1691,1671607531299888849
1692,1671607531399976969
1693,1671607531499813795
1694,1671607531599909782
1695,1671607531699877024
1696,1671607531799968004
1697,1671607531899809122
1698,1671607532000018835
1699,1671607532099992990
1700,1671607532199833155
1701,1671607532299925089
1702,1671607532399893999
1703,1671607532499985933
1704,1671607532599825859
1705,1671607532699908018
1706,1671607532799992085
1707,1671607532899821043
1708,1671607533000025034
1709,1671607533099877119
1710,1671607533199965000
1711,1671607533299804926
1712,1671607533399897099
1713,1671607533499981165
1714,1671607533599825859
1715,1671607533699921846
1716,1671607533799875021
1717,1671607533899973154
1718,1671607534000046015
1719,1671607534099898100
1720,1671607534199984074
1721,1671607534299818039
1722,1671607534399897099
1723,1671607534499971151
1724,1671607534599802017
1725,1671607534699889898
1726,1671607534799977064
1727,1671607534899821043
1728,1671607535000036001
1729,1671607535099890947
1730,1671607535199982166
1731,1671607535299818993
1732,1671607535399909019
1733,1671607535499878883
1734,1671607535599967957
1735,1671607535699788094
1736,1671607535799996853
1737,1671607535899828911
1738,1671607536000041008
1739,1671607536099879980
1740,1671607536199962139
1741,1671607536299791098
1742,1671607536399880886
1743,1671607536499979019
1744,1671607536599829912
1745,1671607536699918985
1746,1671607536799898148
1747,1671607536899994135
1748,1671607536999836922
1749,1671607537099947929
1750,1671607537199788094
1751,1671607537299994230
1752,1671607537399835825
1753,1671607537499927044
1754,1671607537599776030
1755,1671607537699994087
1756,1671607537799831152
1757,1671607537899930000
1758,1671607538000033140
1759,1671607538099877119
1760,1671607538199962854
1761,1671607538299794912
1762,1671607538399995804
1763,1671607538499830961
1764,1671607538599917173
1765,1671607538699997902
1766,1671607538799838066
1767,1671607538899930954
1768,1671607539000015020
1769,1671607539099997997
1770,1671607539199838877
1771,1671607539299932957
1772,1671607539399891853
1773,1671607539499969006
1774,1671607539599808931
1775,1671607539699898005
1776,1671607539799991131
1777,1671607539899824858
1778,1671607540000033140
1779,1671607540099881887
1780,1671607540199977875
1781,1671607540299812078
1782,1671607540399898767
1783,1671607540499985933
1784,1671607540599823952
1785,1671607540699920893
1786,1671607540799876213
1787,1671607540899963856
1788,1671607541000052929
1789,1671607541099915028
1790,1671607541199886084
1791,1671607541299984932
1792,1671607541399835825
1793,1671607541499915123
1794,1671607541599877834
1795,1671607541699976921
1796,1671607541799823761
1797,1671607541899925947
1798,1671607542000010014
1799,1671607542099968910
1800,1671607542199813843
1801,1671607542299906969
1802,1671607542399882078
1803,1671607542499964952
1804,1671607542599822998
1805,1671607542699908018
1806,1671607542799876213
1807,1671607542899955988
1808,1671607543000034094
1809,1671607543099883080
1810,1671607543199975967
1811,1671607543299819946
1812,1671607543399896145
1813,1671607543499983788
1814,1671607543599812031
1815,1671607543699898005
1816,1671607543799982071
1817,1671607543899804831
1818,1671607543999886990
1819,1671607544099994898
1820,1671607544199834108
1821,1671607544299926043
1822,1671607544399891853
1823,1671607544499986887
1824,1671607544599813223
1825,1671607544699906111
1826,1671607544799994946
1827,1671607544899825811
1828,1671607545000034094
1829,1671607545099895954
1830,1671607545199995995
1831,1671607545299844027
1832,1671607545399945021
1833,1671607545499898911
1834,1671607545599998951
1835,1671607545699844122
1836,1671607545799920082
1837,1671607545899884939
1838,1671607546000092983
1839,1671607546099935055
1840,1671607546199788094
1841,1671607546299880981
1842,1671607546399971008
1843,1671607546499804974
1844,1671607546599887133
1845,1671607546699970007
1846,1671607546799802065
1847,1671607546899886131
1848,1671607547000090122
1849,1671607547099936008
1850,1671607547199777126
1851,1671607547299981117
1852,1671607547399832010
1853,1671607547499912977
1854,1671607547599998951
1855,1671607547699840069
1856,1671607547799922943
1857,1671607547899883986
1858,1671607548000079155
1859,1671607548099936962
1860,1671607548199896097
1861,1671607548299982071
1862,1671607548399811983
1863,1671607548499899864
1864,1671607548599981070
1865,1671607548699819088
1866,1671607548799912930
1867,1671607548899875164
1868,1671607549000087976
1869,1671607549099943876
1870,1671607549199779034
1871,1671607549299998045
1872,1671607549399834156
1873,1671607549499919891
1874,1671607549599884033
1875,1671607549699980021
1876,1671607549799821138
1877,1671607549899914980
1878,1671607550000005007
1879,1671607550099839926
1880,1671607550199937105
1881,1671607550299894094
1882,1671607550399979115
1883,1671607550499826908
1884,1671607550599915028
1885,1671607550699882030
1886,1671607550799954891
1887,1671607550899785995
1888,1671607550999994040
1889,1671607551099983931
1890,1671607551199810028
1891,1671607551299896002
1892,1671607551399876118
1893,1671607551499976873
1894,1671607551599802971
1895,1671607551699887037
1896,1671607551799975872
1897,1671607551899809122
1898,1671607552000010014
1899,1671607552099855185
1900,1671607552199941158
1901,1671607552299780130
1902,1671607552399991989
1903,1671607552499846935
1904,1671607552599925995
1905,1671607552699881077
1906,1671607552799962044
1907,1671607552899795055
1908,1671607552999886990
1909,1671607553099881887
1910,1671607553199976921
1911,1671607553299814939
1912,1671607553399898767
1913,1671607553499979973
1914,1671607553599817991
1915,1671607553699906111
1916,1671607553799994946
1917,1671607553899837017
1918,1671607554000042915
1919,1671607554099891901
1920,1671607554199980974
1921,1671607554299814939
1922,1671607554399915934
1923,1671607554499893904
1924,1671607554599987030
1925,1671607554699815989
1926,1671607554799912930
1927,1671607554899998903
1928,1671607555000079870
1929,1671607555099925041
1930,1671607555199893951
1931,1671607555299972057
1932,1671607555399824858
1933,1671607555499897003
1934,1671607555599876165
1935,1671607555699973106
1936,1671607555799821138
1937,1671607555899897099
1938,1671607555999983072
1939,1671607556099967957
1940,1671607556199806929
1941,1671607556299909115
1942,1671607556399997950
1943,1671607556499848843
1944,1671607556599938154
1945,1671607556699895144
1946,1671607556799983025
1947,1671607556899821997
1948,1671607557000014067
1949,1671607557099991083
1950,1671607557199836016
1951,1671607557299932957
1952,1671607557399896145
1953,1671607557499986887
1954,1671607557599813223
1955,1671607557699898005
1956,1671607557799994230
1957,1671607557899832010
1958,1671607558000041962
1959,1671607558099897146
1960,1671607558199979067
1961,1671607558299823046
1962,1671607558399917126
1963,1671607558499884129
1964,1671607558599985838
1965,1671607558699830055
1966,1671607558799922943
1967,1671607558899893045
1968,1671607559000102997
1969,1671607559099930763
1970,1671607559199897051
1971,1671607559299998045
1972,1671607559399840117
1973,1671607559499924898
1974,1671607559599884033
1975,1671607559699970007
1976,1671607559799818039
1977,1671607559899900913
1978,1671607559999986887
1979,1671607560099954844
1980,1671607560199795961
1981,1671607560299880028
1982,1671607560399971008
1983,1671607560499813795
1984,1671607560599904060
1985,1671607560699992180
1986,1671607560799825907
1987,1671607560899904013
1988,1671607561000102997
1989,1671607561099956989
1990,1671607561199802876
1991,1671607561299888134
1992,1671607561399983168
1993,1671607561499824047
1994,1671607561599905968
1995,1671607561699876070
1996,1671607561799979925
1997,1671607561899820089
1998,1671607562000016928
1999,1671607562099880934
2000,1671607562199976921
2001,1671607562299818993
2002,1671607562399918079
2003,1671607562499877930
2004,1671607562599954844
2005,1671607562699802160
2006,1671607562799895048
2007,1671607562899973154
2008,1671607563000052929
2009,1671607563099909782
2010,1671607563199990988
2011,1671607563299829960
2012,1671607563399908066
2013,1671607563499990940
2014,1671607563599827051
2015,1671607563699923038
2016,1671607563799881935
2017,1671607563899971008
2018,1671607564000051975
2019,1671607564099902868
2020,1671607564199882984
2021,1671607564299982071
2022,1671607564399818897
2023,1671607564499923944
2024,1671607564599781036
2025,1671607564699996948
2026,1671607564799828053
2027,1671607564899928093
2028,1671607565000006914
2029,1671607565099987030
2030,1671607565199830055
2031,1671607565299906969
2032,1671607565399998903
2033,1671607565499830961
2034,1671607565599926949
2035,1671607565699897051
2036,1671607565799984932
2037,1671607565899816036
2038,1671607566000017881
2039,1671607566099994183
2040,1671607566199833155
2041,1671607566299925089
2042,1671607566399894953
2043,1671607566499973774
2044,1671607566599810123
2045,1671607566699903011
2046,1671607566799991131
2047,1671607566899828911
2048,1671607567000027895
2049,1671607567099889994
2050,1671607567199970007
2051,1671607567299803972
2052,1671607567399899960
2053,1671607567499982119
2054,1671607567599825859
2055,1671607567699909210
2056,1671607567799881935
2057,1671607567899979115
2058,1671607568000059843
2059,1671607568099907160
2060,1671607568199992180
2061,1671607568299833059
2062,1671607568399919033
2063,1671607568499886990
2064,1671607568599982023
2065,1671607568699829102
2066,1671607568799909830
2067,1671607568899997950
2068,1671607569000066996
2069,1671607569099909067
2070,1671607569199994802
2071,1671607569299845219
2072,1671607569399951935
2073,1671607569499784946
2074,1671607569599879026
2075,1671607569699940205
2076,1671607569799777031
2077,1671607569899988890
2078,1671607570000072956
2079,1671607570099926949
2080,1671607570199892044
2081,1671607570299985886
2082,1671607570399824858
2083,1671607570499917984
2084,1671607570599898815
2085,1671607570699997902
2086,1671607570799839973
2087,1671607570899924040
2088,1671607571000010967
2089,1671607571099997997
2090,1671607571199831963
2091,1671607571299908161
2092,1671607571399891853
2093,1671607571499983072
2094,1671607571599836826
2095,1671607571699924946
2096,1671607571799880028
2097,1671607571899981976
2098,1671607572000069857
2099,1671607572099920988
2100,1671607572199892044
2101,1671607572299978018
2102,1671607572399802923
2103,1671607572499898911
2104,1671607572599998951
2105,1671607572699848890
2106,1671607572799923897
2107,1671607572899896145
2108,1671607573000082970
2109,1671607573099951029
2110,1671607573199790001
2111,1671607573299994946
2112,1671607573399847984
2113,1671607573499927998
2114,1671607573599881887
2115,1671607573699975967
2116,1671607573799815893
2117,1671607573899900913
2118,1671607574000113964
2119,1671607574099957943
2120,1671607574199795008
2121,1671607574299889803
2122,1671607574399983168
2123,1671607574499827862
2124,1671607574599900007
2125,1671607574699995995
2126,1671607574799834967
2127,1671607574899914026
2128,1671607575000005007
2129,1671607575099849939
2130,1671607575199934959
2131,1671607575299774885
2132,1671607575399994135
2133,1671607575499837875
2134,1671607575599932909
2135,1671607575699782848
2136,1671607575799988985
2137,1671607575899833202
2138,1671607575999922037
2139,1671607576099900961
2140,1671607576199990034
2141,1671607576299824953
2142,1671607576399929047
2143,1671607576499888897
2144,1671607576599966049
2145,1671607576699801207
2146,1671607576799885988
2147,1671607576899962187
2148,1671607577000056982
2149,1671607577099890947
2150,1671607577199990988
2151,1671607577299838066
2152,1671607577399935007
2153,1671607577499785900
2154,1671607577599997997
2155,1671607577699836016
2156,1671607577799920082
2157,1671607577899883986
2158,1671607577999962091
2159,1671607578099940062
2160,1671607578199784040
2161,1671607578299984932
2162,1671607578399810076
2163,1671607578499899864
2164,1671607578599876165
2165,1671607578699954033
2166,1671607578799798965
2167,1671607578899877071
2168,1671607579000084877
2169,1671607579099940062
2170,1671607579199779987
2171,1671607579299993038
2172,1671607579399833202
2173,1671607579499937057
2174,1671607579599776030
2175,1671607579699878931
2176,1671607579799964905
2177,1671607579899803877
2178,1671607580000003099
2179,1671607580099971056
2180,1671607580199813843
2181,1671607580299919844
2182,1671607580399998903
2183,1671607580499839067
2184,1671607580599918127
2185,1671607580699885130
2186,1671607580799974918
2187,1671607580899820089
2188,1671607581000021935
2189,1671607581099998951
2190,1671607581199848890
2191,1671607581299941778
2192,1671607581399775982
2193,1671607581499973774
2194,1671607581599811077
2195,1671607581699896097
2196,1671607581799985886
2197,1671607581899842024
2198,1671607582000059843
2199,1671607582099922895
2200,1671607582199893951
2201,1671607582299968958
2202,1671607582399789095
2203,1671607582499889851
2204,1671607582599994183
2205,1671607582699841976
2206,1671607582799930811
2207,1671607582899783850
2208,1671607583000113010
2209,1671607583099972010
2210,1671607583199823141
2211,1671607583299926043
2212,1671607583399785995
2213,1671607583499997854
2214,1671607583599841118
2215,1671607583699934006
2216,1671607583799779177
2217,1671607583899993181
2218,1671607584000072002
2219,1671607584099907160
2220,1671607584199877977
2221,1671607584299965858
2222,1671607584399813175
2223,1671607584499903917
2224,1671607584599987030
2225,1671607584699816942
2226,1671607584799906015
2227,1671607584899979115
2228,1671607584999834061
2229,1671607585099954844
2230,1671607585199792862
2231,1671607585299885035
2232,1671607585399974823
2233,1671607585499811172
2234,1671607585599897146
2235,1671607585699999094
2236,1671607585799834967
2237,1671607585899929047
2238,1671607586000016928
2239,1671607586099880934
2240,1671607586199959993
2241,1671607586299800158
2242,1671607586399884939
2243,1671607586499969006
2244,1671607586599817038
2245,1671607586699890852
2246,1671607586799986839
2247,1671607586899824142
2248,1671607587000023127
2249,1671607587099994183
2250,1671607587199831009
2251,1671607587299909115
2252,1671607587399993181
2253,1671607587499830008
2254,1671607587599912882
2255,1671607587699997902
2256,1671607587799831152
2257,1671607587899927139
2258,1671607588000009060
2259,1671607588099994183
2260,1671607588199823141
2261,1671607588299905062
2262,1671607588399991989
2263,1671607588499834776
2264,1671607588599915981
2265,1671607588699878931
2266,1671607588799975872
2267,1671607588899821997
2268,1671607589000028849
2269,1671607589099877834
2270,1671607589199962854
2271,1671607589299801111
2272,1671607589399891853
2273,1671607589499976873
2274,1671607589599803925
2275,1671607589699906111
2276,1671607589799998045
2277,1671607589899832010
2278,1671607590000042915
2279,1671607590099895954
2280,1671607590199970007
2281,1671607590299808025
2282,1671607590399899960
2283,1671607590499989986
2284,1671607590599825859
2285,1671607590699925900
2286,1671607590799898863
2287,1671607590899973869
2288,1671607591000054121
2289,1671607591099891901
2290,1671607591199972153
2291,1671607591299805880
2292,1671607591399897099
2293,1671607591499985933
2294,1671607591599828959
2295,1671607591699923038
2296,1671607591799880981
2297,1671607591899977922
2298,1671607591999806881
2299,1671607592099912882
2300,1671607592199876070
2301,1671607592299972057
2302,1671607592399807930
2303,1671607592499994040
2304,1671607592599824905
2305,1671607592699924946
2306,1671607592799880981
2307,1671607592899959087
2308,1671607593000041962
2309,1671607593099884987
2310,1671607593199975967
2311,1671607593299808025
2312,1671607593399894953
2313,1671607593499979019
2314,1671607593599817038
2315,1671607593699909210
2316,1671607593799996853
2317,1671607593899834871
2318,1671607594000044107
2319,1671607594099900007
2320,1671607594199992180
2321,1671607594299836874
2322,1671607594399930954
2323,1671607594499898911
2324,1671607594599988937
2325,1671607594699844122
2326,1671607594799926996
2327,1671607594899891853
2328,1671607595000100136
2329,1671607595099952221
2330,1671607595199790001
2331,1671607595299875021
2332,1671607595399967909
2333,1671607595499809027
2334,1671607595599888802
2335,1671607595699962854
2336,1671607595799802065
2337,1671607595899898052
2338,1671607596000111103
2339,1671607596099967957
2340,1671607596199813843
2341,1671607596299889803
2342,1671607596399979115
2343,1671607596499819040
2344,1671607596599922895
2345,1671607596699875116
2346,1671607596799952984
2347,1671607596899791002
2348,1671607597000117064
2349,1671607597099963903
2350,1671607597199801207
2351,1671607597299895048
2352,1671607597399984121
2353,1671607597499820948
2354,1671607597599925995
2355,1671607597699878931
2356,1671607597799986839
2357,1671607597899837017
2358,1671607598000038862
2359,1671607598099884033
2360,1671607598199962139
2361,1671607598299793959
2362,1671607598399879932
2363,1671607598499968052
2364,1671607598599802971
2365,1671607598699898958
2366,1671607598799988985
2367,1671607598899825811
2368,1671607599000034094
2369,1671607599099889994
2370,1671607599199973106
2371,1671607599299794912
2372,1671607599399889946
2373,1671607599499985933
2374,1671607599599834919
2375,1671607599699924946
2376,1671607599799878836
2377,1671607599899959087
2378,1671607600000059843
2379,1671607600099887133
2380,1671607600199976921
2381,1671607600299818993
2382,1671607600399920225
2383,1671607600499897003
2384,1671607600599985838
2385,1671607600699817896
2386,1671607600799911022
2387,1671607600899995804
2388,1671607600999846935
2389,1671607601099972010
2390,1671607601199805021
2391,1671607601299896002
2392,1671607601399993181
2393,1671607601499833107
2394,1671607601599931955
2395,1671607601699895144
2396,1671607601799978971
2397,1671607601899814844
2398,1671607602000036001
2399,1671607602099890947
2400,1671607602199972153
2401,1671607602299829960
2402,1671607602399922848
2403,1671607602499775887
2404,1671607602599994898
2405,1671607602699822187
2406,1671607602799901009
2407,1671607602899979115
2408,1671607603000066042
2409,1671607603099921942
2410,1671607603199993134
2411,1671607603299839020
2412,1671607603399913073
2413,1671607603499985933
2414,1671607603599813938
2415,1671607603699903011
2416,1671607603799986839
2417,1671607603899824142
2418,1671607604000035048
2419,1671607604099893093
2420,1671607604199979067
2421,1671607604299821138
2422,1671607604399894953
2423,1671607604499951124
2424,1671607604599784851
2425,1671607604699887037
2426,1671607604799986839
2427,1671607604899810076
2428,1671607605000015020
2429,1671607605099995852
2430,1671607605199831009
2431,1671607605299902916
2432,1671607605399994850
2433,1671607605499825954
2434,1671607605599921942
2435,1671607605699885130
2436,1671607605799962997
2437,1671607605899790049
2438,1671607606000122070
2439,1671607606099959135
2440,1671607606199807882
2441,1671607606299906969
2442,1671607606399878979
2443,1671607606499971151
2444,1671607606599802971
2445,1671607606699888945
2446,1671607606799968958
2447,1671607606899821997
2448,1671607606999930859
2449,1671607607099782944
2450,1671607607199877977
2451,1671607607299965858
2452,1671607607399810076
2453,1671607607499895096
2454,1671607607599974871
2455,1671607607699803829
2456,1671607607799896002
2457,1671607607899984837
2458,1671607607999813795
2459,1671607608099904060
2460,1671607608199982166
2461,1671607608299825907
2462,1671607608399907112
2463,1671607608499995947
2464,1671607608599838018
2465,1671607608699935913
2466,1671607608799898863
2467,1671607608899994850
2468,1671607608999830008
2469,1671607609099941015
2470,1671607609199782848
2471,1671607609299995899
2472,1671607609399827957
2473,1671607609499920845
2474,1671607609599879980
2475,1671607609699949026
2476,1671607609799805880
2477,1671607609899890900
2478,1671607609999984980
2479,1671607610099968910
2480,1671607610199807882
2481,1671607610299901009
2482,1671607610399988890
2483,1671607610499826908
2484,1671607610599922895
2485,1671607610699887037
2486,1671607610799971104
2487,1671607610899806976
2488,1671607611000016928
2489,1671607611099880934
2490,1671607611199965000
2491,1671607611299815893
2492,1671607611399901867
2493,1671607611499983788
2494,1671607611599822044
2495,1671607611699925900
2496,1671607611799890995
2497,1671607611899973869
2498,1671607612000048161
2499,1671607612099889994
2500,1671607612199969053
2501,1671607612299808979
2502,1671607612399896145
2503,1671607612499989033
2504,1671607612599828959
2505,1671607612699923992
2506,1671607612799887180
2507,1671607612899974823
2508,1671607612999819994
2509,1671607613099920988
2510,1671607613199878931
2511,1671607613299971104
2512,1671607613399813175
2513,1671607613499895096
2514,1671607613599991083
2515,1671607613699836969
2516,1671607613799920797
2517,1671607613899893999
2518,1671607614000093937
2519,1671607614099923849
2520,1671607614199882984
2521,1671607614299983025
2522,1671607614399827003
2523,1671607614499919891
2524,1671607614599888802
2525,1671607614699986935
2526,1671607614799826860
2527,1671607614899898767
2528,1671607614999979019
2529,1671607615099966049
2530,1671607615199813843
2531,1671607615299911022
2532,1671607615399883986
2533,1671607615499972105
2534,1671607615599806070
2535,1671607615699904919
2536,1671607615799994946
2537,1671607615899847984
2538,1671607616000054121
2539,1671607616099909067
2540,1671607616199885130
2541,1671607616299975872
2542,1671607616399814844
2543,1671607616499902964
2544,1671607616599997044
2545,1671607616699831963
2546,1671607616799926043
2547,1671607616899898767
2548,1671607617000102997
2549,1671607617099973202
2550,1671607617199800014
2551,1671607617299906015
2552,1671607617399883032
2553,1671607617499976873
2554,1671607617599824905
2555,1671607617699918032
2556,1671607617799877167
2557,1671607617899960995
2558,1671607618000051022
2559,1671607618099909067
2560,1671607618199875116
2561,1671607618299963951
2562,1671607618399802208
2563,1671607618499898195
2564,1671607618599991083
2565,1671607618699822187
2566,1671607618799897194
2567,1671607618899983883
2568,1671607619000063896
2569,1671607619099912882
2570,1671607619199990988
2571,1671607619299836874
2572,1671607619399927139
2573,1671607619499888182
2574,1671607619599978924
2575,1671607619699806929
2576,1671607619799891949
2577,1671607619899987936
2578,1671607620000075102
2579,1671607620099933863
2580,1671607620199777126
2581,1671607620299983025
2582,1671607620399816990
2583,1671607620499900818
2584,1671607620599987984
2585,1671607620699837923
2586,1671607620799923897
2587,1671607620899890900
2588,1671607621000091791
2589,1671607621099930763
2590,1671607621199887991
2591,1671607621299978018
2592,1671607621399821043
2593,1671607621499923944
2594,1671607621599776030
2595,1671607621699995995
2596,1671607621799843073
2597,1671607621899929047
2598,1671607622000124931
2599,1671607622099974871
2600,1671607622199813128
2601,1671607622299899817
2602,1671607622399986982
2603,1671607622499825001
2604,1671607622599915981
2605,1671607622699885130
2606,1671607622799982071
2607,1671607622899825811
2608,1671607623000021935
2609,1671607623099866867
2610,1671607623199958086
2611,1671607623299783945
2612,1671607623399877071
2613,1671607623499955893
2614,1671607623599776983
2615,1671607623699997902
2616,1671607623799849987
2617,1671607623899934053
2618,1671607623999888897
2619,1671607624099992037
2620,1671607624199838877
2621,1671607624299934864
2622,1671607624399786949
2623,1671607624499878883
2624,1671607624599961996
2625,1671607624699801207
2626,1671607624799998045
2627,1671607624899830103
2628,1671607625000041008
2629,1671607625099901915
2630,1671607625199989080
2631,1671607625299832106
2632,1671607625399928093
2633,1671607625499898911
2634,1671607625599990129
2635,1671607625699831963
2636,1671607625799926043
2637,1671607625899883986
2638,1671607626000097990
2639,1671607626099952221
2640,1671607626199795961
2641,1671607626299877882
2642,1671607626399950027
2643,1671607626499797106
2644,1671607626599884033
2645,1671607626699970007
2646,1671607626799814939
2647,1671607626899893999
2648,1671607627000101089
2649,1671607627099963903
2650,1671607627199803829
2651,1671607627299877882
2652,1671607627399943829
2653,1671607627499784946
2654,1671607627599995852
2655,1671607627699845076
2656,1671607627799941063
2657,1671607627899783850
2658,1671607628000090122
2659,1671607628099942923
2660,1671607628199790001
2661,1671607628299881935
2662,1671607628399981022
2663,1671607628499827862
2664,1671607628599911928
2665,1671607628699881077
2666,1671607628799974918
2667,1671607628899824142
2668,1671607629000027895
2669,1671607629099879026
2670,1671607629199968100
2671,1671607629299793005
2672,1671607629399998903
2673,1671607629499830008
2674,1671607629599920034
2675,1671607629699892044
2676,1671607629799970150
2677,1671607629899803877
2678,1671607630000011921
2679,1671607630099980116
2680,1671607630199805021
2681,1671607630299892902
2682,1671607630399976015
2683,1671607630499797106
2684,1671607630599893093
2685,1671607630699983120
2686,1671607630799812078
2687,1671607630899901867
2688,1671607631000097990
2689,1671607631099945068
2690,1671607631199779034
2691,1671607631299994946
2692,1671607631399831057
2693,1671607631499922037
2694,1671607631599887848
2695,1671607631699984789
2696,1671607631799835920
2697,1671607631899932861
2698,1671607632000015974
2699,1671607632099985838
2700,1671607632199823856
2701,1671607632299916983
2702,1671607632399879932
2703,1671607632499961138
2704,1671607632599802017
2705,1671607632699892044
2706,1671607632799998045
2707,1671607632899842024
2708,1671607633000047207
2709,1671607633099901915
2710,1671607633199984789
2711,1671607633299829960
2712,1671607633399922848
2713,1671607633499889851
2714,1671607633599961996
2715,1671607633699802876
2716,1671607633799897194
2717,1671607633899995804
2718,1671607634000082970
2719,1671607634099936008
2720,1671607634199887991
2721,1671607634299971104
2722,1671607634399820089
2723,1671607634499913931
2724,1671607634599874973
2725,1671607634699965000
2726,1671607634799801111
2727,1671607634899893045
2728,1671607635000101089
2729,1671607635099962950
2730,1671607635199801207
2731,1671607635299885988
2732,1671607635399976969
2733,1671607635499804974
2734,1671607635599883080
2735,1671607635699969053
2736,1671607635799804926
2737,1671607635899886131
2738,1671607636000086069
2739,1671607636099942923
2740,1671607636199791193
2741,1671607636299877167
2742,1671607636399979115
2743,1671607636499815941
2744,1671607636599911928
2745,1671607636699993134
2746,1671607636799824953
2747,1671607636899909019
2748,1671607637000122070
2749,1671607637099945068
2750,1671607637199800014
2751,1671607637299885988
2752,1671607637399951935
2753,1671607637499794960
2754,1671607637599884033
2755,1671607637699984789
2756,1671607637799826860
2757,1671607637899910927
2758,1671607638000122786
2759,1671607638099981070
2760,1671607638199823141
2761,1671607638299936056
2762,1671607638399776936
2763,1671607638499994040
2764,1671607638599834204
2765,1671607638699930191
2766,1671607638799884081
2767,1671607638899986982
2768,1671607639000066042
2769,1671607639099915981
2770,1671607639199892044
2771,1671607639299993038
2772,1671607639399823189
2773,1671607639499912977
2774,1671607639599991083
2775,1671607639699831009
2776,1671607639799915075
2777,1671607639899883986
2778,1671607640000107050
2779,1671607640099971056
2780,1671607640199820995
2781,1671607640299922943
2782,1671607640399889946
2783,1671607640499989033
2784,1671607640599833012
2785,1671607640699923992
2786,1671607640799887180
2787,1671607640899981976
2788,1671607641000046015
2789,1671607641099897146
2790,1671607641199992180
2791,1671607641299856901
2792,1671607641399949074
2793,1671607641499785900
2794,1671607641599987984
2795,1671607641699807882
2796,1671607641799892902
2797,1671607641899974823
2798,1671607642000065088
2799,1671607642099922895
2800,1671607642199897051
2801,1671607642299984932
2802,1671607642399825811
2803,1671607642499929190
2804,1671607642599893093
2805,1671607642699975967
2806,1671607642799824953
2807,1671607642899898052
2808,1671607643000118971
2809,1671607643099962950
2810,1671607643199810028
2811,1671607643299898863
2812,1671607643399988890
2813,1671607643499827862
2814,1671607643599904060
2815,1671607643699985981
2816,1671607643799813986
2817,1671607643899910927
2818,1671607644000000954
2819,1671607644099974871
2820,1671607644199822187
2821,1671607644299909830
2822,1671607644399991035
2823,1671607644499826908
2824,1671607644599904060
2825,1671607644699984789
2826,1671607644799829960
2827,1671607644899910927
2828,1671607645000094891
2829,1671607645099952221
2830,1671607645199782848
2831,1671607645299992085
2832,1671607645399816990
2833,1671607645499909163
2834,1671607645599997997
2835,1671607645699836969
2836,1671607645799922943
2837,1671607645899888992
2838,1671607646000106096
2839,1671607646099961996
2840,1671607646199791193
2841,1671607646299998045
2842,1671607646399835825
2843,1671607646499920845
2844,1671607646599891901
2845,1671607646699963808
2846,1671607646799801111
2847,1671607646899997950
2848,1671607647000082970
2849,1671607647099936962
2850,1671607647199889898
2851,1671607647299982071
2852,1671607647399827003
2853,1671607647499927998
2854,1671607647599776983
2855,1671607647699876070
2856,1671607647799962044
2857,1671607647899806976
2858,1671607648000015974
2859,1671607648099983215
2860,1671607648199822187
2861,1671607648299933910
2862,1671607648399788141
2863,1671607648499875069
2864,1671607648599956989
2865,1671607648699798107
2866,1671607648799884081
2867,1671607648899980068
2868,1671607649000073910
2869,1671607649099929094
2870,1671607649199890852
2871,1671607649299982071
2872,1671607649399820089
2873,1671607649499922991
2874,1671607649599776983
2875,1671607649699994087
2876,1671607649799834967
2877,1671607649899917126
2878,1671607650000015020
2879,1671607650099974871
2880,1671607650199803829
2881,1671607650299885988
2882,1671607650399967909
2883,1671607650499825001
2884,1671607650599910975
2885,1671607650699876070
2886,1671607650799981117
2887,1671607650899830103
2888,1671607651000026941
2889,1671607651099883080
2890,1671607651199973106
2891,1671607651299800158
2892,1671607651399896145
2893,1671607651499993086
2894,1671607651599836826
2895,1671607651699913979
2896,1671607651799875021
2897,1671607651899973869
2898,1671607652000058174
2899,1671607652099910975
2900,1671607652199875116
2901,1671607652299956083
2902,1671607652399803877
2903,1671607652499888897
2904,1671607652599982023
2905,1671607652699823141
2906,1671607652799919128
2907,1671607652899882078
2908,1671607653000094891
2909,1671607653099941969
2910,1671607653199893951
2911,1671607653299992085
2912,1671607653399821043
2913,1671607653499915123
2914,1671607653599992990
2915,1671607653699820042
2916,1671607653799911976
2917,1671607653899877787
2918,1671607653999963999
2919,1671607654099806070
2920,1671607654199898005
2921,1671607654299981117
2922,1671607654399813890
2923,1671607654499903917
2924,1671607654599886179
2925,1671607654699983120
2926,1671607654799818993
2927,1671607654899901867
2928,1671607654999978065
2929,1671607655099817991
2930,1671607655199900866
2931,1671607655299983978
2932,1671607655399818897
2933,1671607655499915123
2934,1671607655599888802
2935,1671607655699995995
2936,1671607655799836874
2937,1671607655899929047
2938,1671607655999778986
2939,1671607656099887133
2940,1671607656199973106
2941,1671607656299801111
2942,1671607656399898767
2943,1671607656499999046
2944,1671607656599852085
2945,1671607656699930191
2946,1671607656799890995
2947,1671607656899984837
2948,1671607656999834061
2949,1671607657099915981
2950,1671607657199893951
2951,1671607657299983978
2952,1671607657399835825
2953,1671607657499919891
2954,1671607657599889994
2955,1671607657699970961
2956,1671607657799808979
2957,1671607657899904966
2958,1671607657999988079
2959,1671607658099838972
2960,1671607658199927092
2961,1671607658299885988
2962,1671607658399971008
2963,1671607658499823093
2964,1671607658599911928
2965,1671607658699879885
2966,1671607658799946070
2967,1671607658899792910
2968,1671607658999886036
2969,1671607659099982023
2970,1671607659199833155
2971,1671607659299916029
2972,1671607659399994135
2973,1671607659499823093
2974,1671607659599905014
2975,1671607659699995995
2976,1671607659799818993
2977,1671607659899919033
2978,1671607659999885082
2979,1671607660099977970
2980,1671607660199823141
2981,1671607660299911022
2982,1671607660399878979
2983,1671607660499962091
2984,1671607660599813223
2985,1671607660699892998
2986,1671607660799975872
2987,1671607660899821043
2988,1671607660999889851
2989,1671607661099886179
2990,1671607661199985981
2991,1671607661299835920
2992,1671607661399928093
2993,1671607661499886990
2994,1671607661599977970
2995,1671607661699809074
2996,1671607661799909830
2997,1671607661899889946
2998,1671607662000102997
2999,1671607662099936008
3000,1671607662199784040
3001,1671607662299991131
3002,1671607662399827957
3003,1671607662499905109
3004,1671607662599980116
3005,1671607662699815989
3006,1671607662799901962
3007,1671607662899981022
3008,1671607662999820948
3009,1671607663099910975
3010,1671607663199989080
3011,1671607663299825907
3012,1671607663399913073
3013,1671607663499892950
3014,1671607663599984884
3015,1671607663699824095
3016,1671607663799902916
3017,1671607663899991989
3018,1671607663999823809
3019,1671607664099933863
3020,1671607664199898958
3021,1671607664299986839
3022,1671607664399825811
3023,1671607664499910831
3024,1671607664599879980
3025,1671607664699965954
3026,1671607664799813986
3027,1671607664899917126
3028,1671607665000122070
3029,1671607665099987984
3030,1671607665199829102
3031,1671607665299913883
3032,1671607665399883032
3033,1671607665499972105
3034,1671607665599821091
3035,1671607665699910879
3036,1671607665799884081
3037,1671607665899986982
3038,1671607666000066042
3039,1671607666099915981
3040,1671607666199879885
3041,1671607666299958944
3042,1671607666399897099
3043,1671607666499968052
3044,1671607666599810123
3045,1671607666699913979
3046,1671607666799878836
3047,1671607666899972200
3048,1671607667000059843
3049,1671607667099912882
3050,1671607667199999094
3051,1671607667299835920
3052,1671607667399914980
3053,1671607667499878883
3054,1671607667599961996
3055,1671607667699806929
3056,1671607667799898148
3057,1671607667899994850
3058,1671607668000069141
3059,1671607668099923849
3060,1671607668199890852
3061,1671607668299996853
3062,1671607668399837971
3063,1671607668499933958
3064,1671607668599887133
3065,1671607668699975014
3066,1671607668799822092
3067,1671607668899906158
3068,1671607669000112057
3069,1671607669099960089
3070,1671607669199795008
3071,1671607669299885035
3072,1671607669399976969
3073,1671607669499812126
3074,1671607669599905014
3075,1671607669699986935
3076,1671607669799818039
3077,1671607669899904966
3078,1671607670000104904
3079,1671607670099952221
3080,1671607670199799061
3081,1671607670299889803
3082,1671607670399977922
3083,1671607670499811172
3084,1671607670599900961
3085,1671607670699996948
3086,1671607670799853086
3087,1671607670899941206
3088,1671607671000017881
3089,1671607671099883080
3090,1671607671199975014
3091,1671607671299800158
3092,1671607671399882078
3093,1671607671499984980
3094,1671607671599824905
3095,1671607671699914932
3096,1671607671799994946
3097,1671607671899827957
3098,1671607672000026226
3099,1671607672099994183
3100,1671607672199814796
3101,1671607672299895048
3102,1671607672399994135
3103,1671607672499822140
3104,1671607672599910975
3105,1671607672699882030
3106,1671607672799958944
3107,1671607672899804831
3108,1671607673000014067
3109,1671607673099992037
3110,1671607673199831009
3111,1671607673299909830
3112,1671607673399883986
3113,1671607673499966860
3114,1671607673599825859
3115,1671607673699924946
3116,1671607673799998045
3117,1671607673899840117
3118,1671607674000040054
3119,1671607674099880934
3120,1671607674199970007
3121,1671607674299809933
3122,1671607674399900913
3123,1671607674499988079
3124,1671607674599831104
3125,1671607674699914932
3126,1671607674799885035
3127,1671607674899974823
3128,1671607674999823809
3129,1671607675099930048
3130,1671607675199781895
3131,1671607675299877882
3132,1671607675399960041
3133,1671607675499795914
3134,1671607675599877119
3135,1671607675699962139
3136,1671607675799802065
3137,1671607675899896145
3138,1671607676000102997
3139,1671607676099941969
3140,1671607676199777126
3141,1671607676299979925
3142,1671607676399803877
3143,1671607676499897003
3144,1671607676599981070
3145,1671607676699834824
3146,1671607676799926043
3147,1671607676899893045
3148,1671607676999989986
3149,1671607677099960089
3150,1671607677199795961
3151,1671607677299882889
3152,1671607677399969101
3153,1671607677499806881
3154,1671607677599907160
3155,1671607677699886084
3156,1671607677799983025
3157,1671607677899827003
3158,1671607678000027895
3159,1671607678099874973
3160,1671607678199965954
3161,1671607678299813032
3162,1671607678399900913
3163,1671607678499995947
3164,1671607678599828005
3165,1671607678699914932
3166,1671607678799882889
3167,1671607678899976015
3168,1671607679000059843
3169,1671607679099921942
3170,1671607679199892998
3171,1671607679299978018
3172,1671607679399809122
3173,1671607679499898195
3174,1671607679599988937
3175,1671607679699826956
3176,1671607679799901962
3177,1671607679899981022
3178,1671607680000045061
3179,1671607680099893093
3180,1671607680199969053
3181,1671607680299808979
3182,1671607680399910927
3183,1671607680499885082
3184,1671607680599978924
3185,1671607680699820995
3186,1671607680799911976
3187,1671607680899878979
3188,1671607681000077009
3189,1671607681099936962
3190,1671607681199779987
3191,1671607681299977064
3192,1671607681399792910
3193,1671607681499888897
3194,1671607681599978924
3195,1671607681699814796
3196,1671607681799902916
3197,1671607681899976015
3198,1671607682000052929
3199,1671607682099923849
3200,1671607682199897051
3201,1671607682299982071
3202,1671607682399832010
3203,1671607682499912977
3204,1671607682599877119
3205,1671607682699972153
3206,1671607682799825907
3207,1671607682899911880
3208,1671607683000114918
3209,1671607683099973917
3210,1671607683199820042
3211,1671607683299911976
3212,1671607683399994850
3213,1671607683499834061
3214,1671607683599930048
3215,1671607683699774981
3216,1671607683799998999
3217,1671607683899828911
3218,1671607684000049829
3219,1671607684099891901
3220,1671607684199984074
3221,1671607684299831152
3222,1671607684399913073
3223,1671607684499891043
3224,1671607684599981070
3225,1671607684699806929
3226,1671607684799884081
3227,1671607684899967909
3228,1671607685000040054
3229,1671607685099897146
3230,1671607685199990988
3231,1671607685299824238
3232,1671607685399908066
3233,1671607685499875069
3234,1671607685599956989
3235,1671607685699805021
3236,1671607685799897194
3237,1671607685899984837
3238,1671607686000058174
3239,1671607686099900961
3240,1671607686199995995
3241,1671607686299826860
3242,1671607686399922848
3243,1671607686499995947
3244,1671607686599842072
3245,1671607686699930906
3246,1671607686799887180
3247,1671607686899967909
3248,1671607687000051022
3249,1671607687099908113
3250,1671607687199878931
3251,1671607687299965858
3252,1671607687399804831
3253,1671607687499886036
3254,1671607687599967003
3255,1671607687699805021
3256,1671607687799901962
3257,1671607687899986029
3258,1671607688000066042
3259,1671607688099925995
3260,1671607688199887991
3261,1671607688299973965
3262,1671607688399818897
3263,1671607688499906063
3264,1671607688599975824
3265,1671607688699812174
3266,1671607688799901962
3267,1671607688899969101
3268,1671607689000046015
3269,1671607689099886179
3270,1671607689199979067
3271,1671607689299818039
3272,1671607689399901867
3273,1671607689499886036
3274,1671607689599973202
3275,1671607689699807882
3276,1671607689799890995
3277,1671607689899973154
3278,1671607690000042915
3279,1671607690099908113
3280,1671607690199877024
3281,1671607690299977064
3282,1671607690399820089
3283,1671607690499892950
3284,1671607690599980116
3285,1671607690699810982
3286,1671607690799920797
3287,1671607690899893045
3288,1671607691000090122
3289,1671607691099946976
3290,1671607691199777126
3291,1671607691299998045
3292,1671607691399827957
3293,1671607691499910831
3294,1671607691599879026
3295,1671607691699980974
3296,1671607691799832106
3297,1671607691899918079
3298,1671607692000010967
3299,1671607692099990129
3300,1671607692199831009
3301,1671607692299926996
3302,1671607692399893045
3303,1671607692499979019
3304,1671607692599811077
3305,1671607692699902058
3306,1671607692799984217
3307,1671607692899823189
3308,1671607693000030041
3309,1671607693099895000
3310,1671607693199977875
3311,1671607693299807072
3312,1671607693399898052
3313,1671607693499993086
3314,1671607693599832058
3315,1671607693699925900
3316,1671607693799876213
3317,1671607693899958134
3318,1671607694000038862
3319,1671607694099891901
3320,1671607694199972153
3321,1671607694299812078
3322,1671607694399897099
3323,1671607694499979973
3324,1671607694599823952
3325,1671607694699914932
3326,1671607694799877167
3327,1671607694899973154
3328,1671607695000040054
3329,1671607695099894047
3330,1671607695199973822
3331,1671607695299807072
3332,1671607695399890900
3333,1671607695499984980
3334,1671607695599825859
3335,1671607695699914932
3336,1671607695799880028
3337,1671607695899973154
3338,1671607696000052929
3339,1671607696099909782
3340,1671607696199993134
3341,1671607696299821138
3342,1671607696399914980
3343,1671607696499999046
3344,1671607696599842072
3345,1671607696699928045
3346,1671607696799777985
3347,1671607696899994135
3348,1671607697000087976
3349,1671607697099949121
3350,1671607697199785948
3351,1671607697299989939
3352,1671607697399838924
3353,1671607697499922037
3354,1671607697599876165
3355,1671607697699958086
3356,1671607697799801111
3357,1671607697899883986
3358,1671607698000077009
3359,1671607698099940062
3360,1671607698199781895
3361,1671607698299882889
3362,1671607698399976969
3363,1671607698499832153
3364,1671607698599929094
3365,1671607698699895144
3366,1671607698799979925
3367,1671607698899816036
3368,1671607699000020027
3369,1671607699099997044
3370,1671607699199844122
3371,1671607699299926996
3372,1671607699399876118
3373,1671607699499962091
3374,1671607699599799156
3375,1671607699699888945
3376,1671607699799988985
3377,1671607699899818897
3378,1671607700000016928
3379,1671607700099994898
3380,1671607700199820995
3381,1671607700299911022
3382,1671607700399880886
3383,1671607700499973059
3384,1671607700599814892
3385,1671607700699918985
3386,1671607700799889803
3387,1671607700899994850
3388,1671607701000087023
3389,1671607701099949121
3390,1671607701199790001
3391,1671607701299880028
3392,1671607701399966955
3393,1671607701499798059
3394,1671607701599888802
3395,1671607701699965000
3396,1671607701799803972
3397,1671607701899893999
3398,1671607702000113964
3399,1671607702099961996
3400,1671607702199805021
3401,1671607702299896002
3402,1671607702399983168
3403,1671607702499825954
3404,1671607702599929094
3405,1671607702699892998
3406,1671607702799993038
3407,1671607702899837017
3408,1671607703000038862
3409,1671607703099898100
3410,1671607703199986935
3411,1671607703299834013
3412,1671607703399910927
3413,1671607703499988079
3414,1671607703599824905
3415,1671607703699913979
3416,1671607703799880981
3417,1671607703899964809
3418,1671607704000046015
3419,1671607704099894047
3420,1671607704199989080
3421,1671607704299834013
3422,1671607704399919033
3423,1671607704499888897
3424,1671607704599982023
3425,1671607704699822187
3426,1671607704799908161
3427,1671607704899996996
3428,1671607705000082016
3429,1671607705099941015
3430,1671607705199784040
3431,1671607705299876213
3432,1671607705399960041
3433,1671607705499792814
3434,1671607705599997997
3435,1671607705699851990
3436,1671607705799944878
3437,1671607705899781227
3438,1671607706000114918
3439,1671607706099951029
3440,1671607706199792862
3441,1671607706299877882
3442,1671607706399988890
3443,1671607706499830961
3444,1671607706599918127
3445,1671607706699898005
3446,1671607706799989939
3447,1671607706899828911
3448,1671607707000027895
3449,1671607707099990129
3450,1671607707199845076
3451,1671607707299940109
3452,1671607707399891853
3453,1671607707499978065
3454,1671607707599814892
3455,1671607707699907064
3456,1671607707799984217
3457,1671607707899823189
3458,1671607708000013113
3459,1671607708099987984
3460,1671607708199836016
3461,1671607708299921989
3462,1671607708399891853
3463,1671607708499983788
3464,1671607708599824905
3465,1671607708699918032
3466,1671607708799889803
3467,1671607708899986982
3468,1671607709000083923
3469,1671607709099925041
3470,1671607709199887991
3471,1671607709299968004
3472,1671607709399807930
3473,1671607709499882936
3474,1671607709599960089
3475,1671607709699802160
3476,1671607709799895048
3477,1671607709899988890
3478,1671607709999822140
3479,1671607710099919081
3480,1671607710199881077
3481,1671607710299971104
3482,1671607710399811983
3483,1671607710499885082
3484,1671607710599971056
3485,1671607710699834108
3486,1671607710799920797
3487,1671607710899883986
3488,1671607711000106096
3489,1671607711099964857
3490,1671607711199809074
3491,1671607711299905062
3492,1671607711399987936
3493,1671607711499833107
3494,1671607711599936962
3495,1671607711699775934
3496,1671607711799986839
3497,1671607711899828911
3498,1671607712000035048
3499,1671607712099883080
3500,1671607712199975014
3501,1671607712299818039
3502,1671607712399917126
3503,1671607712499878883
3504,1671607712599977016
3505,1671607712699807882
3506,1671607712799898148
3507,1671607712899981022
3508,1671607713000063896
3509,1671607713099925041
3510,1671607713199887991
3511,1671607713299983025
3512,1671607713399830103
3513,1671607713499920845
3514,1671607713599886179
3515,1671607713699993134
3516,1671607713799829006
3517,1671607713899932861
3518,1671607714000006914
3519,1671607714099874973
3520,1671607714199963808
3521,1671607714299805880
3522,1671607714399889946
3523,1671607714499979973
3524,1671607714599806070
3525,1671607714699893951
3526,1671607714799982071
3527,1671607714899824142
3528,1671607715000031948
3529,1671607715099881887
3530,1671607715199973822
3531,1671607715299803972
3532,1671607715399897099
3533,1671607715499984980
3534,1671607715599821091
3535,1671607715699896097
3536,1671607715799994946
3537,1671607715899833202
3538,1671607716000031948
3539,1671607716099895000
3540,1671607716199983120
3541,1671607716299828053
3542,1671607716399897099
3543,1671607716499983072
3544,1671607716599814892
3545,1671607716699908018
3546,1671607716799880981
3547,1671607716899962902
3548,1671607717000044107
3549,1671607717099900007
3550,1671607717199993134
3551,1671607717299832106
3552,1671607717399920940
3553,1671607717499896049
3554,1671607717599984169
3555,1671607717699826002
3556,1671607717799926996
3557,1671607717899889946
3558,1671607718000093937
3559,1671607718099946022
3560,1671607718199805975
3561,1671607718299901962
3562,1671607718399983168
3563,1671607718499829054
3564,1671607718599904060
3565,1671607718699996948
3566,1671607718799844027
3567,1671607718899927139
3568,1671607719000010967
3569,1671607719099992990
3570,1671607719199836969
3571,1671607719299930811
3572,1671607719399884939
3573,1671607719499983788
3574,1671607719599834919
3575,1671607719699925900
3576,1671607719799896002
3577,1671607719899983883
3578,1671607720000051975
3579,1671607720099900007
3580,1671607720199987888
3581,1671607720299829960
3582,1671607720399928093
3583,1671607720499780178
3584,1671607720599880934
3585,1671607720699973822
3586,1671607720799805880
3587,1671607720899879932
3588,1671607721000086069
3589,1671607721099930763
3590,1671607721199892044
3591,1671607721299971104
3592,1671607721399816990
3593,1671607721499909878
3594,1671607721599874973
3595,1671607721699980021
3596,1671607721799805880
3597,1671607721899887085
3598,1671607722000089169
3599,1671607722099946976
3600,1671607722199791193
3601,1671607722299885988
3602,1671607722399988890
3603,1671607722499823093
3604,1671607722599918127
3605,1671607722699877024
3606,1671607722799962997
3607,1671607722899803877
3608,1671607723000009060
3609,1671607723099988937
3610,1671607723199831009
3611,1671607723299916029
3612,1671607723399878979
3613,1671607723499953985
3614,1671607723599804878
3615,1671607723699892998
3616,1671607723799988985
3617,1671607723899806976
3618,1671607724000020027
3619,1671607724099985838
3620,1671607724199831009
3621,1671607724299919844
3622,1671607724399891853
3623,1671607724499966860
3624,1671607724599806070
3625,1671607724699892998
3626,1671607724799977064
3627,1671607724899804831
3628,1671607725000014067
3629,1671607725099983215
3630,1671607725199831963
3631,1671607725299927950
3632,1671607725399779081
3633,1671607725499875069
3634,1671607725599963903
3635,1671607725699802160
3636,1671607725799897194
3637,1671607725899972200
3638,1671607726000048161
3639,1671607726099891901
3640,1671607726199992180
3641,1671607726299838066
3642,1671607726399928093
3643,1671607726499774933
3644,1671607726599990129
3645,1671607726699831963
3646,1671607726799921989
3647,1671607726899884939
3648,1671607727000087023
3649,1671607727099925995
3650,1671607727199778080
3651,1671607727299877882
3652,1671607727399983168
3653,1671607727499835968
3654,1671607727599929094
3655,1671607727699885130
3656,1671607727799974918
